{
  "images" : [
    {
      "filename" : "Iphone Notification 40x40.png",
      "idiom" : "iphone",
      "scale" : "2x",
      "size" : "20x20"
    },
    {
      "filename" : "Iphone Notifications 60x60.png",
      "idiom" : "iphone",
      "scale" : "3x",
      "size" : "20x20"
    },
    {
      "filename" : "Iphone Settings 58x58.png",
      "idiom" : "iphone",
      "scale" : "2x",
      "size" : "29x29"
    },
    {
      "filename" : "Iphone Settings 87x87.png",
      "idiom" : "iphone",
      "scale" : "3x",
      "size" : "29x29"
    },
    {
      "filename" : "Iphone Spotlight 80x80.png",
      "idiom" : "iphone",
      "scale" : "2x",
      "size" : "40x40"
    },
    {
      "filename" : "Iphone Spotlight 120x120.png",
      "idiom" : "iphone",
      "scale" : "3x",
      "size" : "40x40"
    },
    {
      "filename" : "Iphone App 120x120.png",
      "idiom" : "iphone",
      "scale" : "2x",
      "size" : "60x60"
    },
    {
      "filename" : "Iphone App 180x180.png",
      "idiom" : "iphone",
      "scale" : "3x",
      "size" : "60x60"
    },
    {
      "filename" : "Ipad notifications 20x20.png",
      "idiom" : "ipad",
      "scale" : "1x",
      "size" : "20x20"
    },
    {
      "filename" : "Ipad Notifications 40x40.png",
      "idiom" : "ipad",
      "scale" : "2x",
      "size" : "20x20"
    },
    {
      "filename" : "Ipad Settings 29x29.png",
      "idiom" : "ipad",
      "scale" : "1x",
      "size" : "29x29"
    },
    {
      "filename" : "Ipad Setting 58x58.png",
      "idiom" : "ipad",
      "scale" : "2x",
      "size" : "29x29"
    },
    {
      "filename" : "Ipad spotlight 40x40.png",
      "idiom" : "ipad",
      "scale" : "1x",
      "size" : "40x40"
    },
    {
      "filename" : "Ipad Spotlight 80x80.png",
      "idiom" : "ipad",
      "scale" : "2x",
      "size" : "40x40"
    },
    {
      "filename" : "Ipad App 76x76.png",
      "idiom" : "ipad",
      "scale" : "1x",
      "size" : "76x76"
    },
    {
      "filename" : "Ipad App 152x152.png",
      "idiom" : "ipad",
      "scale" : "2x",
      "size" : "76x76"
    },
    {
      "filename" : "Ipad Pro App.png",
      "idiom" : "ipad",
      "scale" : "2x",
      "size" : "83.5x83.5"
    },
    {
      "filename" : "App Store 1024x1024.png",
      "idiom" : "ios-marketing",
      "scale" : "1x",
      "size" : "1024x1024"
    }
  ],
  "info" : {
    "author" : "xcode",
    "version" : 1
  }
}
